x,y,u,v
0.2268758799111562,0.4605644210309451,0.3675748464549261,0.48441895861868317
0.5637707383536129,-0.35719835389699506,0.6567679725438504,0.1962838341472508
0.8613182008910415,-0.021649125209562303,0.7196665200178431,0.2781830496781216
0.31323303474164843,-0.5260193872178008,0.5768843429894973,0.15725868773277354
-0.5826583595165309,-0.6195341536764476,0.2047044767015635,0.1862667354908049
0.38434600850673817,-0.7121973366856474,0.6274830959057358,0.0792120535986985
0.2595527650778241,-0.8298384935856402,0.5908710490961134,0.04617619508845734
-0.1362790214039059,-0.25867905580973405,0.35010421701037375,0.28890428494002207
-0.05748994239621574,0.4544150857276624,0.2988001014104356,0.5547523445513376
-0.032822335878525566,0.8741007985138051,0.25896886897884014,0.7124302846884345
0.42622050711011916,0.8802037293535633,0.3992284139024054,0.6262197921315666
-0.6462067600586969,0.17072143593092337,0.1096771880748868,0.5181407254652582
0.10418982310697189,-0.7861769286646685,0.5093588430106278,0.06417597540230979
-0.36495149828046347,0.7162700787353945,0.17449009275125676,0.715100515109545
-0.5912747314298124,-0.29602097277944983,0.18405310998355995,0.3316796222497734
0.677396859914062,-0.7658324432865329,0.778155963401068,0.05654215065693499
0.5555749164730613,-0.8748345213705075,0.7133367402988751,-0.0018671854793174134
-0.8285223251565277,0.8975164565586308,0.00604083681435666,0.8690594773565744
0.8809421836264516,0.6688319109435238,0.571679021768833,0.4656239631049686
0.07023261761403199,0.23643159087276977,0.3737293082123326,0.456828759260714
-0.5762044036307379,0.018612435061233223,0.158242866523767,0.45565090217383875
-0.5127366343394368,-0.09625450186658513,0.18544492137785695,0.3936856993608397
-0.4730292861148258,-0.3117628671493504,0.21760801888073855,0.29824114025357995
-0.2407783598865766,0.7654737471253928,0.20575126729136028,0.7088769241658635
0.22823437690293258,0.6312664798126323,0.37667853275468544,0.5781945717159233
-0.487215715245026,-0.6708796268446235,0.2636361295968596,0.17180426201358068
0.015683762053434358,0.4564388233821667,0.32956333344251304,0.5499406778933418
0.5324753155830692,-0.2732193626406716,0.611354758202336,0.20850782937382537
-0.5901998910347698,-0.23698454359880616,0.1633964938771511,0.34000387749754296
0.0918334915062734,0.24836756125678539,0.3843424332143143,0.4626093806344919
-0.02495122894485302,-0.44341433920993795,0.41925307107056653,0.21002177503558173
-0.4088959285109934,-0.4440072490382537,0.26314437619727915,0.24558867778750654
0.0511749531962844,-0.06557404533531419,0.406360777908227,0.3479863403875085
-0.6182474525275775,-0.6318808777753062,0.1798218403289833,0.1730051437599897
-0.2095856507317151,0.11851928548519075,0.2857141590378038,0.44976641095653086
-0.7630943218476564,-0.35083097292837206,0.1145388061890002,0.3206701424260627
0.3955420955009413,-0.7620216805764526,0.6498658128806803,0.07108472770061171
-0.21683155188500436,-0.5907756182891386,0.3565546389062958,0.1695829684804992
0.8258220392260321,-0.11067638762266696,0.7126745518240772,0.2444256187647019
-0.003530714005938518,0.1384007718789827,0.355219894949278,0.42618558795910416
-0.4383098302757523,0.30666923277699076,0.18675883528018658,0.5592479166713255
-0.6498919845430491,-0.4784702274492631,0.15408891224881094,0.2397996495776339
0.04141005624769456,-0.8927968394873308,0.49493580502850604,0.02783317822727322
0.1287378611609168,0.45816396422026584,0.375700999151968,0.5404138876811101
-0.7661353192776269,0.18462459812307952,0.07473355347631394,0.5501128078179515
0.17138645083964177,-0.7987249248072338,0.5708831016992892,0.08582806761706592
0.6861591526604801,0.007899511389232394,0.6421736202693336,0.30304394043553406
-0.8307413874745138,-0.35248543136940846,0.08134489140652115,0.32047256693155357
0.3430964168713607,0.07015589821329948,0.4927149895596479,0.3562448459775717
-0.18575504643280472,0.7905001451432924,0.2129832702551761,0.701110567939852
0.12240045481184614,-0.47542842817308034,0.4817274488689085,0.1828133816627525
-0.4152111948096631,-0.31394532075080905,0.24176455065016728,0.29239740535822395
-0.7246028956670402,-0.7541073531970499,0.146219070445597,0.13146683144878246
0.03354890189238413,-0.4849277617771476,0.4446486837346079,0.18541077101498915
-0.5619178020285946,0.044755082279591574,0.15078575814003142,0.45412170940161745
0.4521883231462326,-0.2367935653480181,0.5926397067146494,0.24814898228365095
0.7580967842221477,0.46544038847655245,0.5700303023425277,0.42370205848046777
0.1372795470511058,-0.1918123585258974,0.4545446811071855,0.28999894666586573
-0.43157265637627673,-0.3733386994670407,0.247369794676732,0.2764867267251791
0.6174755004006759,0.2735824636677583,0.5628425168226078,0.3908960737403644
-0.06291932006595102,-0.246068066891031,0.38101816281158274,0.28944390661582353
-0.14047968567435454,-0.2725819048693354,0.35115151089414515,0.28510049366751805
-0.10838357441904478,0.7713283805079661,0.26559825372222107,0.7054538663796046
-0.8645811516815635,-0.3917998803680329,0.06040052995898215,0.296790659908614
0.08684959616784516,-0.7616507410845889,0.49740184591887976,0.07315237193950523
0.09522983374125082,-0.6044389300528843,0.4854064692076299,0.13557265160396265
0.32032113638393167,0.6977385119398504,0.3744775349088298,0.5631860638952252
0.7517549782463081,-0.7682116763418705,0.7973574323885543,0.037374726525775406
-0.7697269136637636,0.20800338339132607,0.07125046627721993,0.560115028205652
0.12318700019419293,-0.44287488833633776,0.4702291051400499,0.18719849594237334
-0.6816971866325056,-0.5307911381496604,0.16261950010390844,0.23807256562794515
0.48072311114164357,-0.029772854486110667,0.566770612743179,0.3115227639748315
0.2979052192527495,-0.22034606906485932,0.5245039885150669,0.2653785354833658
-0.06733688132357363,0.6025383193247277,0.27139309243549486,0.6063304603458116
-0.23348571583037536,-0.6173794998269648,0.3528301498976399,0.16088353551105966
-0.6590467776859769,0.42715980593424996,0.09114764996202651,0.6342502392887742
-0.7522385810329149,-0.17938157472238636,0.09531414792284054,0.38174216176328885
-0.4657433444604306,-0.298220123532174,0.22126747472236621,0.30502892583337216
0.042019343765137496,-0.8073474416828766,0.5110956928034672,0.08641287509303892
0.29329149018319234,0.8587876814014616,0.3497173136764232,0.632465233406728
0.46827170681773345,0.37582885315290493,0.4817172091403217,0.43549588210176027
-0.7992917406545098,0.7033495575296963,0.029950190506392048,0.781270114431126
0.7787844660189583,-0.29459374763069246,0.7239981781944509,0.18730950024220952
0.8366462565121532,-0.4579260852929273,0.7748415508017595,0.12755586372676858
0.7695302995015257,0.7278899827202597,0.5148113661705449,0.49399116245313174
0.822320504601323,0.8295219960945056,0.5175467219807076,0.5211475193532987
0.5109932300597188,-0.3389103338624637,0.6288635036196805,0.20391208543767578
0.8192570346607054,-0.0768340876829473,0.6966829553418598,0.24863773243679763
0.35661312400777,-0.34767345505371705,0.5514439455400415,0.19930108825167367
0.03409831595560542,-0.22881691625529144,0.4160304080319747,0.28457299756483145
-0.5700071854121622,0.5948549627893928,0.10467364172583928,0.6871040520986681
0.7256935751555854,0.09400941870294943,0.6489786613257603,0.3331367448118992
0.022834403067502507,-0.8786580092461923,0.499724823663804,0.04897925773734779
-0.7083548248481049,0.5035850550063653,0.0830311063296903,0.689000462310066
-0.11868977444853912,0.18620334100764724,0.315257121679866,0.4677035803683448
0.7181608870114963,0.5174814004226979,0.5406149867915482,0.44027528080739786
-0.6644597972321992,-0.2896330410126441,0.15592108224438342,0.3433342594086457
-0.5810070987900184,0.739323591627112,0.09391052366388959,0.7540753396990258
-0.4283892658904438,-0.16570236989942155,0.2454793801393101,0.37682267527892915
-0.712223678694606,0.6042701403806926,0.05054736696956534,0.7087935935490759
-0.5570932363070646,-0.4783199354925885,0.1970079672762091,0.23639453311497194
-0.6261649425758042,0.8415429112010723,0.08084916178225458,0.8147023213807602
-0.8102699808495313,-0.17423507569318408,0.08194621549168973,0.3999631335413029
0.36010111406934453,-0.8266918438531601,0.623336112492578,0.029940375228451326
-0.7432578378864634,-0.21871246697053037,0.1067047186279883,0.3689768484768532
-0.3896038648703736,-0.13718159599885205,0.23761732209507697,0.36382827579386096
0.0679167343202779,-0.7938976973701896,0.511086146361094,0.08017954898676577
0.5498714919999249,0.7551889674831057,0.4628661416637024,0.5655247621023726
0.2957022273538602,0.7032458920590624,0.37517540793473725,0.5789472491213717
0.7528842845320692,0.5203624133708008,0.5451801429337149,0.4289192028498852
0.8410181404923224,0.12328216204814912,0.6659500967165388,0.307082251801301
0.434696016289296,0.10305016378066767,0.5217787056668292,0.3559559724184893
0.31160615855043383,0.6031325788417917,0.40154910101765395,0.5473122583026224
0.6613857045605364,-0.5318466974396943,0.7185521750571527,0.12193650647355941
0.5093924165650477,-0.8417602045715703,0.6951094881779489,0.01953404341749185
-0.7374539360352503,0.614510559457783,0.06024653967120447,0.7362279956879442
-0.8835442082080937,-0.6587559038956978,0.10634681622789467,0.21874064436002677
0.7642848638385967,0.8493151450037301,0.5140058297907106,0.5565210315319359
-0.4404706783908934,0.8555432224141276,0.12768392584600297,0.7756904145473843
-0.7370360914232011,-0.2561768182836398,0.12429705387590542,0.36472631394009014
-0.19692894323718468,-0.8780133143057405,0.3815280223507124,0.0409862853115277
-0.014912418949815986,0.7719908282842264,0.2820933823600679,0.6755446881873283
-0.10322682934671468,-0.7612767291741238,0.4196716360480913,0.09064714037036696
0.12180717074213876,-0.49969742762825303,0.4876632289360986,0.1769112359150874
0.06169425995076083,0.33174234605592157,0.3559362570311324,0.49096017894050525
-0.06477499058130032,0.2638409601591941,0.31777987353602305,0.4820877464764146
-0.7578461600977491,0.0704278300812079,0.08693412243861678,0.5010705347654182
-0.8431794411695434,-0.141590785976191,0.0673937010247618,0.4181874121804695
0.04247512375912721,-0.2896643223845542,0.42930966551373323,0.2632401547865764
0.8625198238252864,-0.5120857139092172,0.8057402746074129,0.11843793337614118
-0.20960603233471253,0.09057375378221888,0.2825271909090672,0.4326169603852941
0.8141087960031267,0.5888386506638773,0.5695741777168216,0.4569392312167274
0.3241551283209295,0.4153014094524371,0.4293232972078384,0.47489633888133104
0.5737457521778698,0.039177591036914095,0.5668763022279255,0.299592323075028
0.7573032565335277,0.01348311258464241,0.652480152094041,0.2805703118878382
0.6981576994143522,-0.1780821847122227,0.6813730389962153,0.24325338260360224
-0.23817705966632752,-0.5303046696492639,0.31760180730934595,0.17153818004243912
-0.8780879226526738,0.5986633568328038,0.020195407273401494,0.7585701470765221
-0.38981057439113764,-0.3405846614809157,0.26679893799024224,0.29141180376898895
-0.8102300340562917,0.8661933097036841,0.005855101106071127,0.8440658444971565
-0.629070199720583,0.07721900211981658,0.11987034466785638,0.4730145379192817
0.5796548233472808,-0.7675041753037233,0.715547341418199,0.04196860939922226
-0.16282586991387393,-0.009726506304219562,0.31682012805753956,0.393369682670133
-0.3286713618537739,-0.7070819605718923,0.30503582459122214,0.11583085407581085
-0.41998485092591853,-0.010794728975709322,0.2170961369196968,0.42169090724921654
0.24900600209868717,0.609689355847122,0.3778171327873484,0.5581587379119862
0.18571605242649192,0.6628972217390762,0.3481179627248554,0.5867085223392162
-0.6005234806086661,0.3156538446602405,0.12806485194746123,0.586152964534924
0.8308514700585653,-0.7244457192024569,0.8298877633180051,0.052239834894144355
0.8204378510575873,-0.7430685901789088,0.8382943613668968,0.056541850715426924
-0.01910027628629951,0.5754240331708197,0.2878648240931331,0.5851267173649148
-0.10768740888264394,-0.4720420149391754,0.3963654195946804,0.21418833870008797
0.8599525741566517,0.26407211099749694,0.639529117507519,0.34158902759757065
-0.8653713158820191,0.13791995237859822,0.033527677770152295,0.5351724204748084
-0.6039880041489356,-0.305898587466074,0.1788066738456376,0.3278511330384485
0.8219002806443324,0.6849593176523775,0.5510860534876683,0.4826156503049471
-0.1136284845190021,0.6290164671107522,0.2538564429018511,0.6251786959168687
0.6333385892795046,-0.887347242692443,0.7590243596703147,-0.001317754472542574
0.8471067552129882,-0.1805994510536867,0.7348628218000006,0.22101002905576825
-0.5703524737003733,0.15741973030193168,0.141264835824541,0.5051504798763665
-0.6324650949462649,-0.7890886471770182,0.18100363237306827,0.10269202033468672
-0.10445250775762238,-0.7112005297513819,0.41529147325526,0.11191795948506418
-0.43532983927345936,-0.5023379772499137,0.258396119600758,0.22489198899314472
-0.4535916680441827,0.4102701071269611,0.17727216912805194,0.6092025862426846
-0.4696522203422073,0.2590937832268264,0.17940809216590145,0.5437806142325002
-0.7214920430687416,-0.7402247635612005,0.1470726239551171,0.13770640949671137
0.4653383691873897,-0.2483715823284679,0.6016308227330464,0.2447762168225155
-0.8257403293024946,-0.7347956525496657,0.10475442990299835,0.15022681941082874
0.7342342777864165,-0.46345043047344947,0.7406785384346684,0.14183678201251598
-0.28929133369318716,0.808179008807714,0.1765697856248555,0.7253045528829727
-0.6494321197054116,0.34685390255524184,0.11724136524281215,0.6153838671288938
-0.7138375331676569,-0.6825341429452523,0.14195905155832472,0.1576107576609994
-0.21755520693643582,-0.36649137248084107,0.3271077274897271,0.2526397735435805
0.5559855197034448,0.5934612806261986,0.4974172010916389,0.5161550906160333
0.7674031751245035,-0.6323153012145882,0.7659717595082284,0.0661129641368602
0.42595265639019864,0.6792202802252582,0.4124368862670476,0.5390706089203071
0.24018597555752563,-0.20576584251468533,0.5026170068717215,0.27964127035229525
0.4235998836773912,0.04563135908733107,0.5300947852681727,0.3411107008402695
-0.7762099507061966,-0.482467803768022,0.1096325023436759,0.25650325603742413
-0.1995010921152678,-0.2440770184219634,0.32411230622407244,0.3018243585597251
0.24594862301266518,0.8724001753507679,0.3554180549038423,0.6686437326895318
-0.5988385557845942,0.6859726437531298,0.10501501282841287,0.7474200391914517
-0.2978337212139087,-0.5295887954752976,0.3123585375934167,0.19648113117349886
0.5868266073279137,-0.41124768586995714,0.6701143744451026,0.17107774166568723
0.500460574198173,-0.3236504224590969,0.6193318674615009,0.2072767781757164
0.00635263309656986,0.2130678857976297,0.3559082658555294,0.45926573402760623
-0.4549781106250604,-0.7752534912719931,0.26311778539849917,0.10298043085213487
-0.4651034885378506,-0.8160647487678941,0.27690927017638495,0.10142887523857937
0.04919411518960737,0.10283521166650911,0.3828775307449098,0.40969802974729796
-0.6661500245035022,0.49895554761274397,0.09003560202539515,0.6725877122479765
0.3486320865673588,0.46963425160823935,0.44432688407594173,0.5048278560502498
0.0027415514054460743,-0.8081327547523179,0.4782765394509119,0.07283999341240834
-0.82837118931388,-0.11521151282292785,0.06759633756682958,0.42417563063744396
-0.7818765780081591,-0.12881402317665314,0.0895793853791581,0.41611025284413733
-0.22359975945642918,0.7904672026803911,0.208073529225387,0.7151067956023487
0.16470212722733224,0.5584881106626826,0.3615524354150432,0.5584453612047753
-0.32060513121122136,-0.7582260993784897,0.333168833159901,0.1143586381048998
0.13527726441999055,0.4127915676417163,0.3848448810263041,0.5236019626887131
-0.7983973387315955,0.27847193207757115,0.05973260135727922,0.598166394782054
-0.6736987369730696,-0.43808647531839295,0.1599336502602483,0.27773948833376727
0.8715731162974097,0.7927132423916449,0.5409421355923658,0.5015123637424134
0.06636999034604452,0.4199651229011049,0.34127358700708194,0.5180710811243725
0.639220396294439,-0.17421454194150865,0.6482572571458805,0.24154004296854134
-0.3946313337566625,0.3430308483877448,0.18163076418196783,0.5504615037182682
-0.7021991010624488,-0.22753196411331633,0.12446102097164982,0.3617942129655679
-0.02369178395652405,-0.8926124852249432,0.46241502936971923,0.027955361795711724
-0.46183877799525663,0.6101093547401933,0.1478125821982228,0.6837860791765303
0.42474456348115386,0.7956765917068588,0.4160039155638591,0.6014699010202039
-0.025506773484453737,-0.28099196038197705,0.39528252390133534,0.267540071496968
-0.5789577117971634,0.1559645639392805,0.14813654511787397,0.5155971768548635
0.34048254762916763,-0.01690850140902278,0.49701652198265306,0.3183211377650991
0.05430237445762376,-0.1937515867685523,0.428260632950883,0.3042337751286181
0.270693620601996,0.8959585600678329,0.3374806446007588,0.6501129426986053
0.7440407750751225,-0.879418355592447,0.8145176879341528,0.0027889169237688824
0.5786853831285262,0.49614366633478235,0.5032108317457302,0.46194001388790207
-0.7068636642903848,0.413088082157287,0.09415809464587042,0.6541333707017398
-0.4382517380077297,0.33974362130051217,0.18329294916942432,0.5722902064973671
0.16423872597189393,0.302083989187511,0.40145213986467015,0.4703747438259607
-0.7534949489309065,-0.8561950075095573,0.14106081534964832,0.08971071229369298
-0.8818935753806972,0.34854291605215526,0.026559301959032264,0.6417766086147295
-0.5462386106377873,-0.15305902412620576,0.19933510221935377,0.395924635525112
0.7699194142778455,0.7480076820034377,0.5160217085150746,0.5050658420937001
0.6997721914290606,0.354383532151744,0.5644377210676506,0.3917433333448165
0.6961516124434214,-0.05919080824349621,0.6510201548650969,0.27334915012453503
0.30599560744977083,-0.1565692715632051,0.5136515888635496,0.28236941304624413
-0.23415151143430946,0.36985620516099804,0.2503134680920293,0.5523170012085645
-0.1863774448579728,-0.40596054988408453,0.35648400912891565,0.2466925478843368
0.7530896021499002,0.5540222427162346,0.5494307141848658,0.4498971282606515
-0.24886721995886785,-0.4158845608668479,0.3313989376873541,0.24789030718407837
-0.3693255096475546,0.17762650693687843,0.21856502412667386,0.49204071747890643
0.023652120542347332,0.25919545002957245,0.35320272978278144,0.47097433295477337
-0.6808218892243985,0.7450265058609532,0.06067759401725026,0.7736011803521095
0.5170035751714542,-0.26032332362106436,0.6101639204644674,0.22150078312945057
0.784155220248581,0.638297427551696,0.5436854093648832,0.47075638794138114
0.568659605381033,-0.4052114048392503,0.662873342878932,0.17593819665204566
0.6745589051356652,0.3828918909084985,0.5637937758480873,0.4179602780069968
-0.4567513552823094,0.12810050271132545,0.19749055884413724,0.4899161938340539
0.8923382133336378,0.1449161681408594,0.6655080295150633,0.29179736719825905
-0.6316045806780486,0.399793428177207,0.11160695189831946,0.6273054073745405
-0.22053516182590183,0.7812750956220319,0.21726038474415726,0.7181651531866837
-0.6269000881609018,-0.19867871834189255,0.1590206256013357,0.3731309398696331
0.6574172413121951,0.8452822740779588,0.49664152544721785,0.5905741299068716
0.08763216779655625,-0.20650227176684033,0.43838888021879274,0.29132177914844964
0.12146556069704884,-0.13036685046324936,0.4414866023324046,0.3155705016234343
0.605438649294788,-0.5442704901059705,0.702373258137353,0.12751922483674635
-0.7300363697697962,-0.32305916205143914,0.11769925499150415,0.32118762431879166
-0.38506080330699377,0.08253844946060074,0.22412492511013052,0.45792424088698686
-0.2757943544500675,0.8995708738611478,0.17654645719592005,0.7642287480544127
0.7801416915940967,0.4115629391139696,0.5824645484696063,0.3981752171879384
-0.3412495979623098,0.2839127808272891,0.2258659036917728,0.5384468218420566
-0.6511693449804348,0.5352674206900055,0.08218254731500556,0.6754002726972645
0.632442147896939,-0.358209035357413,0.6597178595737992,0.16439275806261242
-0.730385210833485,-0.17937149740993064,0.11852257474419339,0.39402892718710897
-0.8304531485200441,0.6665139182585756,0.049942487767901125,0.7984251835368582
0.034293090737819054,0.24812510625460782,0.3504653824037351,0.4573813074912064
-0.3014028557927736,-0.2585754910593401,0.29588158095486095,0.31729527948439984
0.8523368080792498,-0.8003141628211624,0.8482409565652418,0.021916306502294057
-0.85558626388626,-0.005537527863915259,0.043679664524605276,0.4687034809447175
-0.1025029423617837,-0.3370597550395932,0.3734576295707987,0.25617939772914683
-0.7373205423901458,-0.10486438308318169,0.10556346910325014,0.4217909656292845
-0.5849402154790028,0.7841906642192288,0.1020784427730172,0.7866432688396477
0.18637183080884256,-0.485597649830707,0.49432941883766685,0.1583450169082094
0.49004101900805985,0.004142098385651383,0.5590700152327065,0.31612078438384983
-0.648318342567608,-0.5373590013930909,0.1721338204971507,0.2276134352757628
-0.31996937337590603,-0.37882192227362876,0.29173492584966587,0.2623086651129109
0.011052102026287702,0.4924421465746288,0.32295863829139404,0.5636534909986403
0.06317173323704406,0.43246598870981956,0.3352693135759645,0.5199163203386492
0.10205940744002306,-0.0673866719623416,0.42228667671873343,0.33756371100550636
0.11215182256630263,-0.42398439562105517,0.46998770911531,0.20191995021187145
0.19986707502952383,-0.07623726955764265,0.45933163152410855,0.3212795597778971
0.31730159150822235,-0.3282986307039495,0.5415485568756533,0.21874872909272455
-0.0004943450480151546,0.42116500734656526,0.31707742647646836,0.5279069655554061
0.16818256451941738,0.04156719859318203,0.43087362436876814,0.36756599498239184
0.6533318208701929,-0.6088310773566055,0.7210503387546684,0.08996953486095415
-0.882804842672147,0.7558465769796799,-0.016938561749717737,0.8023862388206244
-0.706324633234787,0.42572187004434336,0.10006833285532235,0.6660909043769014
-0.19820366922151356,0.6361585738966563,0.23065063753657353,0.6478315386081138
-0.3799816164242493,0.8483400301706797,0.16617638058192974,0.7803369408614884
0.09410866135925722,0.6374459292962761,0.3195242291139746,0.591192707012763
0.4055942005861918,-0.46809579209203284,0.6020801050408774,0.16523553245093522
-0.5337427311431623,0.39132874355306024,0.13442981154241934,0.5969650441788303
0.012665138132552989,-0.40018211545896337,0.42357550626215185,0.21715212700946798
-0.7066472841585189,-0.13776636732891934,0.11459489741584142,0.3990349359544575
-0.7399380662672415,0.01796139429278998,0.10617718926811959,0.4851263559199746
-0.1384452067373959,0.38119053785282364,0.28583436998428724,0.5456520672439044
-0.6999748040615699,0.3075871038699961,0.08774638380673692,0.5915266471429361
0.2678484510762825,-0.6753553607173244,0.5720931850408518,0.10049195009719414
0.5234452588654711,-0.7651652771047284,0.6983882165540265,0.05408386999373796
-0.6813778910931423,-0.2816343730816455,0.13459556578511836,0.3344670076646804
-0.27079900695272363,0.6490215940670102,0.20708593704210976,0.6669959594719228
0.2583085225417866,0.39235461416881157,0.4125128794056435,0.47953590977841104
-0.6909046048991209,-0.11389166638084924,0.1291885398612327,0.41769467022920326
0.3642377120233039,-0.24244415739481218,0.5530271671064012,0.24968651369448877
-0.24865740836399508,-0.2426105825321332,0.30639062458630545,0.3094141585847084
0.5880022908102852,-0.8392678186016724,0.7445707746510598,0.030936429681056372
0.509298673993971,0.7464853461033053,0.43460286352060357,0.5531961129121835
-0.024061977790395206,-0.5594474288270304,0.4482329905057432,0.18054060324621177
0.42093204455181576,-0.831652010028831,0.6559741477733961,0.02968296925742581
0.6369509551784082,0.033789635073828705,0.5996591211724182,0.2980787068436901
-0.7121992457460444,0.6341615655958585,0.045477340287578875,0.718657195980785
0.3309389776001118,-0.4781972073163326,0.570560556865999,0.16599276459065462
0.807261890565185,0.7831360422340737,0.521792841336714,0.5097300195209781
-0.5608434833521168,0.6167769002506628,0.1113624156270392,0.7001721137019467
0.8658479324178768,-0.6199846572351524,0.8106937198863947,0.06777793588560126
0.44102402445492606,0.5090749191678346,0.4525199659890285,0.48654540852177625
-0.34178321921446286,0.35968289339046466,0.21808834275569083,0.5688210582849907
0.026281600787443904,-0.4423338804774409,0.4396599723536652,0.20535250951304698
0.7096923825861677,0.27606306285358084,0.5930070208550466,0.3761924567646302
0.6299893243797171,0.23782283808543248,0.5581988373432765,0.362115715978624
-0.73902780911625,0.52089358927142,0.06157374671001113,0.6915337925135705
-0.2389914601137656,-0.5442038676982959,0.33682143191849273,0.1842154492827143
-0.476347691238735,-0.017941998455045072,0.18306521361459052,0.41226774841014746
0.4997493985119136,-0.7785190785979149,0.6984999148778593,0.059366476285776494
0.37659279103584786,0.07461365470821146,0.5026599480280073,0.3516704854665978
0.8882513963509983,-0.32598035937925207,0.7570888173791808,0.1499731980692212
0.45303019937183964,0.39610853235798615,0.47767200280375455,0.4492111819246
0.7823439160100726,0.2378634399660563,0.626229292325466,0.35398912755821366
0.8695181970277458,-0.07777125526350104,0.7201542094052713,0.24650965253567939
0.3378131372028158,-0.3944954555272554,0.5620381520658819,0.1958842020832435
0.09008364992939177,0.8714214980186133,0.27056027849375847,0.661229042340074
0.4576674392645709,0.6614831141832879,0.4322537958300234,0.5341616963687156
-0.21237603334415767,0.023040306426970858,0.2990688036579023,0.41677681410812095
-0.8086897591486257,-0.31531012548966875,0.09941653507106069,0.34610607542418076
0.7270207816998525,-0.34067004025377234,0.7118410067310883,0.17799599309878344
0.7013590854795672,0.3249614026038369,0.576728003059844,0.3885291369464072
0.49359861319222176,0.43165811426512424,0.48488729039408635,0.45391720523033047
-0.663090326897017,0.456592879220043,0.09088938590433183,0.6507304007589902
0.18244941609907805,-0.5306093547732327,0.5165075820009983,0.15997858115161898
-0.10830843173510973,-0.15302512340230467,0.34506520707004024,0.32270689023361554
0.0858073463379625,0.6707373924712273,0.30650332028561833,0.5989681611751986
0.6397472575169699,0.7642485318222404,0.4734907204424664,0.5357415060226144
-0.768648029865331,0.8221778472378142,0.0355619309149872,0.8309742102484534
0.7024865034719848,0.42754707260464764,0.5516926545576587,0.4142229025630886
0.8492147176256292,-0.19625827997185585,0.7424033036784864,0.21966700521865268
0.7457760815392384,-0.03074336365290775,0.6598225804593619,0.2715630710308056
0.6376248657304392,-0.064322568893315,0.6262557783418238,0.2752823217363214
0.6246136913833799,-0.6355538402933383,0.7233218422181396,0.09323883007105112
0.007774111543420226,0.3564968188358554,0.3271846241845474,0.5015458021637351
0.7573507106631362,-0.5185325435725072,0.7508406766329009,0.11289952302897242
-0.46683676045077493,0.42679030057981737,0.15455525315799992,0.6013684420137443
0.8661306394379301,0.721077923194298,0.55633229508427,0.483805945102095
-0.2789202098233462,-0.03199703131777332,0.2801992098168651,0.4036606899132873
0.17573073498873215,-0.5971564762206819,0.5255330060784087,0.1390898313922247
-0.33358087353600663,0.7585725209043116,0.15475050236879923,0.7008267943727043
0.8951741064246844,-0.8126897429402141,0.8672106221215049,0.013279388695018097
0.6555678766294296,0.7833978285687032,0.47381765393010367,0.5377324931258646
0.3234271497632427,0.6557856928403499,0.38503385320367617,0.5512130664367497
0.8188132669757485,0.7312310911697234,0.539059352793446,0.4952683498967917
0.6780298574540696,-0.09509995016653472,0.6491232162863761,0.26255855703672953
0.004030501786231544,-0.6938682711306379,0.4849092758122554,0.13596042793111998
0.47794115252078184,-0.1978805772415857,0.5900008456610911,0.25209021725003816
-0.12239655162213803,0.7334559671033213,0.24340386211786633,0.6713297618935808
0.18687040882137385,-0.8258949662673187,0.5558552664355964,0.049473293462101206
-0.23128470666355383,-0.3288302596147604,0.32019466711736505,0.2714220491814638
0.35872668731558266,-0.8658424799367502,0.6537716204929274,0.041487763840315196
0.25809507893013117,0.7610428523907192,0.35358589566365817,0.6050597057905219
-0.36053768268134967,-0.2863064662035497,0.27659653237217796,0.31371200222853457
0.4720841690658134,0.08949546253465512,0.5331114343680147,0.341817231342089
0.31435500522489235,-0.5834838084379192,0.585190360921063,0.13627147004949355
-0.8228191341884281,-0.8930119385477967,0.1402755664895847,0.10517936937098919
0.168178451945444,0.07488507571525782,0.43474352103639224,0.3880968667371134
-0.8833501015025047,-0.10241269646583528,0.03446870780026505,0.42493680313222476
-0.5420897144606418,-0.3501324000273417,0.19948973433495085,0.29546822604938217
-0.1868642943855029,-0.10005207640615899,0.32036327977521756,0.36376932528477246
0.12805598492012937,0.6669510361626211,0.32772227368885937,0.5971696638080833
0.000315484233780694,-0.47476467816402373,0.445112621235316,0.2075727399073038
-0.3246483392997318,0.20928776184742548,0.23936308914961,0.5063309007466711
0.1204017967013592,0.68827792778531,0.3321746857304993,0.61611259166132
-0.017828980494162372,-0.1125708788067904,0.3857095478849866,0.3383386292948503
-0.4844121576889893,0.032563620162493256,0.1820444415358139,0.44053202546979947
-0.018603413308694083,-0.8192975571044513,0.47829782463965187,0.07795145613387533
0.302733231509802,-0.8501388896633333,0.6256794910009028,0.04924407107849965
0.5122967822379972,0.8953612207911646,0.41596902330076724,0.6075012725742599
-0.8903816734352359,0.21213451046322207,0.045899434277449705,0.597156926962945
0.8673069927401605,0.08852249179137406,0.6772455385890674,0.28785339345358235
0.30276669100909503,0.048107754443739714,0.4838757653157981,0.3565463682873709
-0.11823050575055338,-0.8172714498899215,0.43182189808892363,0.08230193517571174
0.3919683731655178,0.19834915939797326,0.4955620678392169,0.39875246462735875
0.609564339857393,-0.2799619756904753,0.6628888595837117,0.2181260360370839
0.8797751815339251,0.07996469701274245,0.6834359692206061,0.28353077641252095
-0.4048037415806362,0.6393620689339884,0.16583796349425345,0.6879205061331383
-0.16076901934331922,-0.7426481027533292,0.3944551888077419,0.10351602597051596
-0.18908989118280806,0.7517910798239907,0.2193283824897093,0.6897684566646364
0.1834785958703019,0.3068450766275278,0.40425633751273315,0.46593951382150745
0.36416046670668745,0.869627945124256,0.3868056969986287,0.6395393716880494
-0.4359791795387835,-0.07608438538515183,0.2237014149650584,0.4036485738415014
-0.27168534386384746,-0.5611095198227363,0.33153554232676913,0.18682365894727296
0.33355738410519165,0.7922452032372952,0.38669707409174775,0.6160408718050185
-0.2862336545264196,0.7391923557208674,0.19297114273757776,0.7056839049457426
0.28051093118040715,0.5974976207085584,0.38815394464160025,0.5466472633223146
0.45880689465098634,0.4054235784665753,0.473179486448649,0.4464878631555883
-0.42952249529538644,0.7234514542716154,0.15198455039893086,0.7284710985521501
-0.5260109863223623,-0.4568313371915765,0.2150085910998574,0.24959828420638608
-0.2406760504684362,-0.341255955935166,0.31674693087630157,0.2664570421474776
0.5427745650419372,-0.4684549291455567,0.6471261868010542,0.14151195980266842
-0.4259526051336727,0.05704228517661347,0.19849242057041733,0.43998956295786446
-0.13805434648628045,-0.18585527582694328,0.34195297242541184,0.3180525011718854
-0.7858659100204812,0.32565712398011704,0.07968234418015624,0.6354431057761302
0.25423557826971666,0.8793631907697798,0.3469772531836515,0.6595410129615975
0.3164524452037415,-0.5929616807566063,0.5890294800958749,0.13432284791805812
0.045870839589366,0.871741485973137,0.27679218791799975,0.6897272920247725
-0.11420942973200421,-0.0776068098566669,0.3354426894315136,0.35374401759466384
0.7813352326108719,-0.7180386186737231,0.8122766493119576,0.06259036147616882
0.13727186018971838,0.41754620882355276,0.3600183256394075,0.5001554198986783
-0.10884550704823248,0.5860524435730602,0.26148220880266726,0.6089308628699954
-0.07029428775686786,-0.8157082070616214,0.44736121346343144,0.0746548333632637
-0.7672442632459868,-0.09732074980895722,0.09010657698488572,0.4250678914992205
0.3351126817483422,0.0853197537985596,0.48585292817049036,0.3609565645159366
-0.7851873556923187,0.35000292460401383,0.06473901779301111,0.6323335219690399
0.7947641175981844,0.35804869088404334,0.6093642429222175,0.3910066251545685
-0.005884463855119648,-0.7053825146969227,0.47977358214457355,0.1300250060333541
0.8728749050272137,-0.037528313921028844,0.6819698453915012,0.22676841000589276
-0.19606346821120546,0.7521459462208556,0.2198160891094602,0.6939206436549669
-0.012772552523174552,0.5147798756075,0.3020789590903379,0.5658550170310069
0.5445575932670886,0.02126915963379361,0.5681370588612551,0.3064930098124503
0.10594997181386823,-0.10071531245722543,0.4238588101902854,0.32052629348902784
-0.6952254715295454,0.1624305015833719,0.10035720764790472,0.5291846150316831
-0.1920938943810646,0.43997787019819057,0.25791217476660183,0.5739478173913849
-0.6265532121589592,0.580180250797831,0.1034434637185658,0.7068095578520907
-0.129024065867266,0.6822407894016006,0.260789072466471,0.6664212689693876
-0.30653544800330046,0.39627197637458267,0.21768424523477797,0.5690876541132085
-0.4703613361020645,-0.007809065417592964,0.20372408350817567,0.43499991888026135
-0.5742151042815296,-0.3581964634750434,0.1960770095957744,0.3040860884396099
0.33966119808286,-0.15937079981261004,0.5272354677179879,0.2777196594843796
-0.22808368754523078,-0.09109999690807413,0.2974714714625155,0.36596329215551526
0.7272719322745743,0.23688034568057736,0.6027019430827877,0.357506176394494
0.29371833829574767,-0.8919580277985024,0.6184552476846558,0.025617765783188248
0.7348503217517474,-0.20577868764746898,0.6980551969215856,0.2277410025644355
0.827539502849784,-0.4182414206553615,0.7650999653510671,0.14221006411736103
0.6563854177947844,-0.6256502278007505,0.7286948813356572,0.08767775067306512
-0.6542858621360793,-0.6681614778433497,0.18472725227817927,0.1777895620180366
0.7854056085100275,0.5306226579830576,0.5800057837547906,0.45261431896997384
0.1511819048553017,-0.5916167665315455,0.5196693261194926,0.1482703883014607
0.34574695356405616,0.8656771643830418,0.37277126839775454,0.6327362853704244
-0.7997223993421907,0.8237982199550783,0.0300717535646689,0.8418314345759594
0.7787025798468364,0.7817866167038504,0.5160684102823059,0.5176105283125806
0.3555480841999613,-0.20272694381407907,0.5412202289450266,0.26208297699404054
-0.6598317222106395,0.32891519597057106,0.089342656857687,0.5837155420864737
0.4873640631417583,-0.6906539348753515,0.6673687183599105,0.07836037520721316
0.33540350199997515,0.4475916623632935,0.42972665511386166,0.4858206914490727
-0.22877910190893147,0.36470761353019554,0.2500570466138906,0.5468001390695667
-0.5323598909039016,-0.07977896013854191,0.18644343539541106,0.4127335552563812
0.21995227049587884,0.4192655685737233,0.3941327111771245,0.4937893396235231
0.8409018193812617,0.0064810165391328,0.6879144030368403,0.2707042434544583
0.23360005871635903,0.44977583835770385,0.4033860120675793,0.5114738577435851
-0.0971505313047546,0.8241709267506231,0.23278759287803438,0.6934479403540584
0.4095453096884073,-0.6957345139456655,0.6345977912621111,0.08195847261573395
-0.8251896068781487,0.8316081574924802,-0.0095783099600569,0.8188198839156462
0.5273511585962237,-0.04344869287346442,0.5852806698910497,0.2998809719564195
-0.7053245916449467,-0.11197326233729243,0.11429725723708783,0.41097250027004634
-0.7899485654592145,0.7774265787330609,0.0038787997479723313,0.7875655527535758
0.5989839196857215,-0.5448974184479977,0.6991592453320142,0.12721919494235384
0.605520207162575,-0.3202152384472122,0.6667150673631362,0.20384773724539115
-0.6558965298224738,-0.8245106531597963,0.2146347018446361,0.13032777692719963
0.31035401650567696,0.7269867726352536,0.3883442769276815,0.5966605578762619
-0.6536155552637938,-0.7251570230256227,0.20117481807136015,0.16540397270124105
0.44401053164296267,0.27736786416493786,0.49580394681358236,0.41248272897960514
-0.8439117107250591,-0.5372314629688156,0.11417211603411687,0.26751193477829327
-0.5869145893274388,-0.32656935387221964,0.17835310429200227,0.3085255235126011
0.4715666627595775,-0.5527096100567581,0.6484664828629837,0.13632896184144155
0.3813531256725483,-0.10919758261777801,0.5394321257268365,0.29415697596456347
0.5711240023233034,-0.31512743793467746,0.6370868221494376,0.1939615086072571
0.19949042177395582,-0.48433143153613273,0.513326044880401,0.17141554365347458
0.4446668645592161,0.3024600815356374,0.49981863247792757,0.4287152830289301
-0.31732061574960735,-0.16504998771398693,0.27481414442096314,0.35094939326077107
-0.7039935380046881,-0.6543963182827395,0.16629489674616604,0.19109357140657426
-0.08645729620791764,-0.7466513678032041,0.443654608589468,0.11355809216374044
0.37267572278460215,0.21527186426424982,0.47806866305629186,0.39936675600769717
0.8361718168174649,0.7727956682795288,0.5502522084738009,0.5185642623138123
-0.8364636032517264,-0.803499262085564,0.10724174886477127,0.12372381287468978
-0.6792900081024292,0.0643290691102667,0.11717218135268614,0.488981114406549
0.7483430401304206,-0.16811113566993208,0.6879160387480411,0.22968938341656775
-0.42316595201074153,-0.796022058281931,0.29358083074385183,0.10715311477254076
-0.017572495005859667,0.8976072243698362,0.26158710709083094,0.7191767268020584
0.6571153735296785,0.6572670175019012,0.5005979754723063,0.5006738882360143
0.4362183907065381,0.2568500280155924,0.490410573394955,0.40072644377907046
-0.8082471775846698,0.7284002067496335,0.019971212992540007,0.7882941230706452
0.2448669653022254,0.43320886006150017,0.40594585690012014,0.5001167897592542
0.21636567878284685,0.6717157626603473,0.36165766752974526,0.5893326466873613
0.8027449014654405,0.1234264342861634,0.6527932249559844,0.3131341990973204
-0.768588154136996,-0.5513141366355492,0.12086294492581691,0.2294997719658697
-0.860882128842207,0.11379148857810095,0.04113427258016376,0.52847036615173
-0.7098679902977851,0.07107328205229013,0.10139998712490927,0.491870111814885
-0.3116673846835245,-0.3652983996361331,0.2968738309097075,0.27005836527158356
-0.07440325341371568,-0.11885053031617243,0.3608111317507557,0.3385875300795115
0.8038187052559792,-0.23910772492765242,0.7263983172796987,0.2049355174616106
0.5778421911879777,-0.08083426003689342,0.6044979078575314,0.2751598987270528
-0.37671431982865144,0.236201390561256,0.21358989880358847,0.5200475316258754
-0.5666324782981248,0.18543834058591158,0.16122925482307826,0.5372641875877289
-0.48877498521168644,-0.4244512632934863,0.21843870668330548,0.2506004954036151
0.20583847261978383,0.15003396186792128,0.4349739375575897,0.4070717603432617
-0.8757999750967709,-0.5482462430887457,0.08165959846203401,0.24543610919289294
0.09884168729968523,0.6793414614425753,0.3379145331109369,0.6281642759938432
-0.8329948321882574,0.33207844404415454,0.053556029219891686,0.6360919826394493
0.08270918368155744,0.5237161813420143,0.3367741643079275,0.5572774997942764
0.4927897900839032,-0.5947105001301727,0.6513219309851849,0.10757239341251987
-0.12249622531373217,-0.2675387904455969,0.358262760693769,0.28574153946000264
0.2928545035386959,0.5450288801897237,0.40117137068063075,0.5272585421714561
-0.6636073077981857,0.5928246790320187,0.09137706981759493,0.7195925543166372
-0.20485818718855897,0.342057933298232,0.26593224145137706,0.5393900624468474
-0.5720093027461912,0.10675005275457916,0.15523357803938384,0.49461271183644656
0.5558075504898564,-0.05769054530928097,0.5833726451481673,0.2766239327382778
0.5033388832469087,0.4508245775146068,0.49723489564736023,0.47097777540895847
-0.20865683082159137,-0.6422007213728707,0.362917868761602,0.14614623875951133
-0.08864733930642199,-0.20427278123449322,0.3641893680268008,0.3063767314771401
0.6351910402583377,-0.3708250963352626,0.6752056336692541,0.17219782199207187
0.8487690501710886,0.8589626921820585,0.5263871111842203,0.5314840013669123
-0.0863638720034765,-0.5154288462994553,0.40226085984217774,0.18772861498638757
0.2783674480443107,0.28715090966213663,0.4424939178379697,0.4468856548366362
-0.35937615947027624,0.35621089644664383,0.2111796351976972,0.568972792712039
0.023118727165466813,0.39626825006282906,0.3384304028005777,0.5250050790745213
-0.7656263820288589,-0.07502810888011546,0.09676185799972929,0.44206041316407335
0.5016266057240854,-0.611738515819993,0.6447720713680682,0.08809018784307744
-0.6414874626785572,-0.3155883787884656,0.15443806177912223,0.3173873601489427
-0.19142952893447096,-0.8274093257667119,0.39151592247136463,0.07352660659935577
-0.2444251683620159,-0.1582084618088676,0.3051804628778808,0.34828873251365605
-0.10880322972597223,0.5700927313534224,0.2706830928600416,0.6101308688365892
0.5287260087096092,0.775860617393897,0.435561810373388,0.5591292302677615
-0.41966864954094857,0.7980862603835267,0.15914567401227986,0.7680227719158841
-0.653174289447036,0.3303704149908574,0.11661902015069926,0.6083908011189271
-0.4853010928395569,0.26078950214125574,0.17491834312055224,0.54796325264864
-0.3776511081730711,0.23705394624906384,0.215271348662923,0.5226235446606344
-0.45670864452413984,0.1271049205666136,0.1909498252903066,0.4828562122466226
0.28561785202716916,0.3776370255892404,0.4167704686615217,0.46278005688457635
-0.6027091969940337,0.5680066148614794,0.11554192197763823,0.7008993066022059
-0.30788499828711,0.6368491578137968,0.19664292253193577,0.6690095175511012
-0.42864184632074986,-0.7890335618802706,0.2902539324098702,0.11005835855146753
0.700538784963383,0.6186671353429981,0.528736422877041,0.48780062209967906
0.11909193306548771,0.5956748361058547,0.3406500584583501,0.5789414541872947
-0.19661876619161212,0.08679591919186724,0.293703605804878,0.4354108035449584
-0.5204196847637582,0.13300434252165794,0.16861860201185655,0.495330146200143
-0.07974234696523852,0.11731952826279579,0.3290548032948772,0.4275856056700392
0.03937239337700571,0.3009754620132904,0.345202592819723,0.4760039900203717
0.47736746617664416,0.1327098603940592,0.5267379198968131,0.3544092432924441
-0.021515143471225406,-0.20113422017204452,0.3947947729034182,0.3049852712273083
-0.08933732497802682,0.7322708317806418,0.2560958283112543,0.666899698583447
0.35230794693784506,0.6534232405886969,0.39548092059865664,0.5460386467282136
0.7054187899863665,0.5753816350780238,0.536683071252736,0.471664649464529
-0.7189833329133575,0.29216944021664004,0.09065345926800968,0.5962291737495918
0.6221435737618063,0.5573427645435575,0.5196080165000739,0.4872077583460692
0.3010659070283327,0.06665103048762377,0.46867519456837575,0.3514678828555241
-0.5352561223283732,0.2707721688417083,0.15556438619961724,0.5585780483079537
0.0922492813069773,-0.8305111154095989,0.507043557198344,0.045664106326041155
-0.1546732460565754,-0.6977960021544991,0.4025739858549003,0.13101305747080524
-0.1074762640763447,0.46693646091934726,0.27342909971761875,0.5606352232762424
0.1809109037152844,0.06353232331973468,0.4277143512600681,0.3690250977416671
-0.10904760991278684,0.744861204299402,0.2550242654567282,0.6819783966291776
-0.14534059122281284,-0.8443610131090167,0.4078028522620919,0.05829323758387138
0.7940603931761842,-0.7478769567806856,0.8280976748031181,0.05712973440290509
0.33747648613381054,0.32999223580755477,0.4506246119638848,0.4468824356684723
0.1566903881733056,0.32585145328046494,0.3954731376813951,0.48005361254984963
-0.19272898779299685,-0.7774221030044245,0.39011827293680595,0.0977720666618557
0.23579435632565116,0.7914541800401343,0.3510684258174112,0.6288982737549911
-0.3648870064206412,0.5509940273278818,0.19157749884141675,0.6495176519862792
-0.544232209638976,-0.633491263702016,0.23345141098675143,0.18882190073531194
-0.11855625880830145,-0.825930647843088,0.4130552834134541,0.059368627942358185
0.7958454783528058,0.7098231582461304,0.5486666281137264,0.5056555547235632
-0.20365187929582318,-0.16802805336197135,0.31782560114112823,0.33563746020022156
0.01995152931446409,-0.6513313142379469,0.46135949989341246,0.12571860218292089
0.014713272128373922,-0.10339697786106106,0.39382074869719796,0.3347656892563855
0.555928862475947,-0.7753747536796063,0.7226104563306233,0.056959264257987856
0.5147663465167654,0.38074939140189235,0.5030795094268888,0.43607106504606935
-0.8581677230318872,-0.15188762728664662,0.06638298464022979,0.4195224790987344
0.5143499459442117,-0.47867164053283817,0.6547846260069284,0.15827439383742742
0.32573568089733096,-0.7423111727793378,0.6085015118042919,0.07447884581606412
-0.739481107756992,-0.526125520299519,0.12909250203007286,0.23577010960114658
0.1935914899636727,-0.36146444796226895,0.4968599265438842,0.21933232649130183
-0.3130517901118498,0.5145397411258764,0.20703290359417345,0.6208282488791258
0.015786382403197408,-0.33622828668400984,0.4214747268965911,0.24546754248218985
0.5824319030398363,0.48191922450328095,0.5079303675773421,0.4576740526084059
0.30167755649188355,0.47760094555465316,0.4247013165473193,0.5126629564519788
0.03627726910579687,-0.4351563209549359,0.44306136975034965,0.2073448067643333
-0.5498487873840214,0.7174662564270374,0.09809548300959643,0.7317523553097138
0.70343081307961,-0.7802248575527923,0.7777640299722015,0.03593697889557231
0.717592288878352,0.5746291227242725,0.536004447109909,0.46452268853315015
0.6569724341830597,0.6607567665244606,0.49287754332200007,0.49476965218393026
0.04775626423645485,-0.2016083549533072,0.4246956010445388,0.3000134348418292
0.5373988382269604,0.8574134227709763,0.44133670920455925,0.6013439822930035
-0.8726685229864152,-0.5651882699574686,0.0967030431068718,0.2504429300776899
-0.17317719014462807,0.22835794708451462,0.2889247723202021,0.4896921225172865
-0.8458380031392844,-0.5130203400974971,0.08664225592173166,0.25305078116798674
-0.2099895901113592,-0.5167195228761784,0.34500352494487946,0.1916387826394893
-0.3693123992705951,0.42987199445938706,0.19848795327126434,0.5980797311325455
0.13591992298967448,0.23890730698328688,0.3949995474443567,0.44649324129372214
0.393436713121437,0.72502007455843,0.3973180988592643,0.5631097883952149
0.07617868624868873,0.6279001821308213,0.336247315095454,0.6121079852120517
-0.5070408419242591,-0.13845795139083206,0.19561003483883635,0.37990122428251516
0.004830793285022117,-0.1441503738651274,0.3950800075653592,0.3205895523184147
0.6804097876444967,-0.4815856785048704,0.715453314329108,0.13445609940626602
-0.7426487905235996,0.42603144221619493,0.06632752162901802,0.6506669638907278
-0.12844535668175672,0.12652751508932736,0.3126165912026417,0.4401029126619808
0.37778490383132024,0.7588977847224104,0.39936812150466183,0.5899245308414135
0.7774434272666709,0.3554014559322286,0.59457164817214,0.3835507901804865
0.4049539011235116,0.5488282584606737,0.44145048838301065,0.5133876327857532
0.18381500663949468,0.03514213295458335,0.4460455052220696,0.3717091534770273
-0.5614566993497658,-0.38366178624741487,0.19615676020618908,0.28505403176905453
-0.5530649047406042,0.35963487232317737,0.14555037638718213,0.6018997362397582
-0.5060580888027169,-0.05894047937514202,0.19445422705027465,0.4180126641266276
-0.21667015752534058,0.8487746169531242,0.19324940672881596,0.7259713980675665
0.5976915380675835,-0.34740940742644977,0.6528919814500014,0.180341961273875
-0.7405279037831747,0.10178507616409027,0.0810857440716488,0.5022416782349103
0.320029658290539,-0.7399741049899176,0.5871964016562726,0.05719519807604879
-0.7997995686072763,0.7569663519242494,0.02280458978101246,0.8011867599768073
0.6290158828787834,-0.04083115081003741,0.607453124682422,0.27252980846894836
-0.05898993085783499,0.12428276620346212,0.33839116004380576,0.430027428804395
-0.3395365691150558,0.5843809662087046,0.1892084120833116,0.6511668183290814
0.6600518453725185,-0.5906265387185892,0.7087966770484724,0.08345810972845359
-0.8220004009509251,-0.10142137467359491,0.07779333933195572,0.43808235561290904
0.8534393905647487,0.6208685197256211,0.5906490387601163,0.47436373363372963
-0.7806124388587687,-0.5845398869928058,0.12778105457849234,0.22581712003681703
0.8471217795320104,-0.5699128586561236,0.7948408539430545,0.08632421342602146
-0.770108572937009,0.12999129195518078,0.07003632645997979,0.520085587594359
-0.4015925013471628,-0.23979791435231246,0.24479836604635008,0.3256955007833505
-0.02507540685333598,0.5958093923313891,0.29591849611792853,0.6063606445826939
0.4623035880330709,-0.3839710437456786,0.6025984724358575,0.17946159013621646
0.0014923710439285198,0.201101361254182,0.3540905329333056,0.45389495091764287
-0.5071310632412107,-0.19868918194629537,0.20756353898556193,0.36178422166338753
-0.8326544972572298,0.01725511578676986,0.06012161844029941,0.485075740812505
-0.27863659624909254,0.2626987886304658,0.25056836926453513,0.5212357838899351
0.4657479434293351,0.6343397790659361,0.45184909326381867,0.5361449993917217
0.11442685628432014,-0.3991839399780812,0.4775683035844472,0.22076311040508806
-0.7573166180801679,-0.3190551942472286,0.09555479181594181,0.3146851683653318
-0.14031215763196658,-0.7055493390120633,0.39157255582192996,0.10895445573799686
-0.3005627765883424,-0.13188450573000376,0.2754257807420903,0.3597647703628358
-0.42902352127912935,-0.5162827891884784,0.2623193404834461,0.21868979036304947
-0.5134442258328877,-0.4519890931928547,0.22749355554891312,0.2582211007461606
0.609782371898476,0.8439584337179221,0.4715091453189594,0.588597134605933
0.0926616306261191,-0.16282824317320777,0.4310075101460213,0.3032627197115939
-0.5992239510357138,0.6587028748815548,0.10374510997728299,0.7327078405781183
-0.8763380735609736,-0.5564802663234172,0.08350995348698664,0.24343856975843742
0.5313344764976514,-0.00469721062113071,0.5819032135893376,0.31388757240355253
0.5724241561159639,-0.562111996414715,0.6988765789866475,0.13160919555616207
-0.3009364994891779,-0.3806189318825016,0.29588443845230783,0.2560432945090199
-0.2821073201547487,0.10363482445557837,0.2569744918269267,0.4498453333943302
0.6782944233083018,0.4564226013874505,0.5664373114006728,0.4555014091060024
-0.1628790778522553,-0.5172166015919212,0.3786379168765495,0.20146942952239177
-0.009553851821790138,-0.21405827194498617,0.39988556253143354,0.2976334226352164
0.6598036919131912,0.7063637501716825,0.4949020550077984,0.518182160505868
0.023585924540861503,-0.8084739118258981,0.4884953673828027,0.07246599395601844
0.8497721651013367,0.21871144051397462,0.6723638190352043,0.3568336487118868
0.27870236203055454,-0.4586418823841624,0.5461573522131027,0.17748570048688392
-0.43835146311195844,-0.3233637865259439,0.23305138069142867,0.2905451457952532
0.697090190911058,-0.5177896711526131,0.7239423170960759,0.11650300671674618
-0.6529692406103478,-0.5518764037789619,0.16889438195298256,0.21944078097121994
0.6050096065630993,-0.4547239836055896,0.6790521844626035,0.14918595350156993
-0.7879569184079814,0.7510046450511952,0.02136990739476607,0.7908499436105927
0.4508126711205208,0.601780542308849,0.45221138876537165,0.5276952713828076
0.008671795326159137,0.0054084981453370595,0.38035420960194694,0.3787225190179943
-0.2567064973826404,0.32227242855720595,0.25175609899794166,0.5412451974485213
-0.690627340077294,0.006911319129700555,0.11390861857375603,0.46267746632146917
-0.47188764211325646,0.32076410657874665,0.1662575953549181,0.5625830656985933
0.07775270748808327,-0.2103664377005341,0.4369915476223456,0.29293212766172705
-0.1686252706583783,-0.7874793907813518,0.39226026657562885,0.08283370721992576
0.05341324428536176,-0.31806557254521217,0.4320575655433015,0.24631836125917755
-0.1212517422932069,-0.8554797879330234,0.43736386434517616,0.07025038584142185
-0.8466659374763853,0.1578683642778228,0.051833117498070486,0.5540996085617415
0.827627609817405,0.05246979643171101,0.6703589182237838,0.28278023151591186
0.6530576509848799,0.5043528917700683,0.5274195799997248,0.45306723529194043
0.10921523736281047,0.2262661286177191,0.3915784656729453,0.45010382974318125
-0.21995650458035887,-0.45867558354437293,0.35136379745070107,0.2320043931263799
-0.14123298735163659,0.27457087655987367,0.2917824535911199,0.4996841744047295
0.1048840958445435,-0.19607489628922303,0.44165519049903545,0.2911758873550018
0.7211904999687767,-0.04976466987801298,0.659722025934897,0.27424460613916735
-0.7635854006108741,-0.32507168942658815,0.12118674381424205,0.3404432751935894
0.3028127960732231,0.826907383402239,0.368611453574246,0.6306587671848981
0.8358623521947542,0.6008810083332078,0.563164366904632,0.4456737580196991
0.3816863197286836,0.37643640142733703,0.46349525283306603,0.4608702156841689
0.0629460386939883,-0.6572587866093174,0.477226655705544,0.11712476713688691
-0.5759255085570643,0.5383395584471978,0.12516729663266152,0.682299153165624
-0.6687128326240784,0.7088840438001845,0.09107205744055957,0.7798699498573757
-0.15273409360998258,-0.49331489359916547,0.3787471429829428,0.2084569760010686
-0.14042582537002501,0.060612017129164086,0.3118474509733995,0.41236628218785587
-0.8636750165252018,-0.39916523796962855,0.07198984554786356,0.3042442176284324
-0.15092223968082985,0.37912530925509935,0.2654744503620879,0.530497930288614
0.8171938430489413,-0.5332924034023454,0.7805510063057272,0.10530854218816045
0.22199268957383522,-0.7410342726480561,0.570408408574958,0.08889554089645155
